id,data,maquina_id,produto,turno,tempo_ciclo_min,pecas_boas,pecas_refugo,parada_min,motivo_parada
2025-12-09 16:36:28.751860,2025-12-09T16:36:28.751860,STARK_TORNO_PILOTO,N/A,Turno 2,0,0,0,0,State: RUN
2025-12-09 16:35:44.459749,2025-12-09T16:35:44.459749,STARK_TORNO_PILOTO,Unknown,Turno 2,0.82,1,0,0,Cycle Complete
2025-12-09 16:35:44.285474,2025-12-09T16:35:44.285474,STARK_TORNO_PILOTO,N/A,Turno 2,0,0,0,0,State: IDLE
2025-12-09 16:35:02.952930,2025-12-09T16:35:02.952930,STARK_TORNO_PILOTO,N/A,Turno 2,0,0,0,0,State: RUN
2025-12-09 16:34:55.079844,2025-12-09T16:34:55.079844,STARK_TORNO_PILOTO,Unknown,Turno 2,0.84,1,0,0,Cycle Complete
2025-12-09 16:34:54.872622,2025-12-09T16:34:54.872622,STARK_TORNO_PILOTO,N/A,Turno 2,0,0,0,0,State: IDLE
2025-12-09 16:34:13.455119,2025-12-09T16:34:13.455119,STARK_TORNO_PILOTO,N/A,Turno 2,0,0,0,0,State: RUN
2025-12-09 16:34:04.595308,2025-12-09T16:34:04.595308,STARK_TORNO_PILOTO,Unknown,Turno 2,0.86,1,0,0,Cycle Complete
2025-12-09 16:34:04.399871,2025-12-09T16:34:04.399871,STARK_TORNO_PILOTO,N/A,Turno 2,0,0,0,0,State: IDLE
2025-12-09 16:33:22.965629,2025-12-09T16:33:22.965629,STARK_TORNO_PILOTO,N/A,Turno 2,0,0,0,0,State: RUN
2025-12-09 16:33:13.160892,2025-12-09T16:33:13.160892,STARK_TORNO_PILOTO,Unknown,Turno 2,0.83,1,0,0,Cycle Complete
2025-12-09 16:33:12.860428,2025-12-09T16:33:12.860428,STARK_TORNO_PILOTO,N/A,Turno 2,0,0,0,0,State: IDLE
2025-12-09 16:32:32.467216,2025-12-09T16:32:32.467216,STARK_TORNO_PILOTO,N/A,Turno 2,0,0,0,0,State: RUN
2025-12-09 16:32:23.567610,2025-12-09T16:32:23.567610,STARK_TORNO_PILOTO,Unknown,Turno 2,0.81,1,0,0,Cycle Complete
2025-12-09 16:32:23.389433,2025-12-09T16:32:23.389433,STARK_TORNO_PILOTO,N/A,Turno 2,0,0,0,0,State: IDLE
2025-12-09 16:31:42.090887,2025-12-09T16:31:42.090887,STARK_TORNO_PILOTO,N/A,Turno 2,0,0,0,0,State: RUN
2025-12-09 16:31:35.192109,2025-12-09T16:31:35.192109,STARK_TORNO_PILOTO,Unknown,Turno 2,0.88,1,0,0,Cycle Complete
2025-12-09 16:31:34.995174,2025-12-09T16:31:34.995174,STARK_TORNO_PILOTO,N/A,Turno 2,0,0,0,0,State: IDLE
2025-12-09 16:30:53.153744,2025-12-09T16:30:53.153744,STARK_TORNO_PILOTO,N/A,Turno 2,0,0,0,0,State: RUN
2025-12-09 16:30:43.000093,2025-12-09T16:30:43.000093,STARK_TORNO_PILOTO,N/A,Turno 2,0,0,0,0,State: IDLE
2025-12-09 16:30:42.210410,2025-12-09T16:30:42.210410,STARK_TORNO_PILOTO,Unknown,Turno 2,0.81,1,0,0,Cycle Complete
2025-12-09 16:30:01.558990,2025-12-09T16:30:01.558990,STARK_TORNO_PILOTO,N/A,Turno 2,0,0,0,0,State: RUN
2025-12-09 16:29:53.650427,2025-12-09T16:29:53.650427,STARK_TORNO_PILOTO,Unknown,Turno 2,0.86,1,0,0,Cycle Complete
2025-12-09 16:29:53.446562,2025-12-09T16:29:53.446562,STARK_TORNO_PILOTO,N/A,Turno 2,0,0,0,0,State: IDLE
2025-12-09 16:29:11.975137,2025-12-09T16:29:11.975137,STARK_TORNO_PILOTO,N/A,Turno 2,0,0,0,0,State: RUN
2025-12-09 16:29:02.855049,2025-12-09T16:29:02.855049,STARK_TORNO_PILOTO,N/A,Turno 2,0,0,0,0,State: IDLE
2025-12-09 16:29:02.162603,2025-12-09T16:29:02.162603,STARK_TORNO_PILOTO,Unknown,Turno 2,0.09,1,0,0,Cycle Complete
2025-12-09 16:28:56.906541,2025-12-09T16:28:56.906541,STARK_TORNO_PILOTO,Unknown,Turno 2,0.04,1,0,0,Cycle Complete
2025-12-09 16:28:54.469901,2025-12-09T16:28:54.469901,STARK_TORNO_PILOTO,N/A,Turno 2,0,0,0,0,State: RUN
2025-12-09 16:28:12.219449,2025-12-09T16:28:12.219449,STARK_TORNO_PILOTO,N/A,Turno 2,0,0,0,0,State: RUN
2025-12-09 16:26:40.625940,2025-12-09T16:26:40.625940,STARK_TORNO_PILOTO,N/A,Turno 2,0,0,0,0,State: RUN
2025-12-09 16:26:31.773692,2025-12-09T16:26:31.773692,STARK_TORNO_PILOTO,Unknown,Turno 2,0.84,1,0,0,Cycle Complete
2025-12-09 16:26:31.561966,2025-12-09T16:26:31.561966,STARK_TORNO_PILOTO,N/A,Turno 2,0,0,0,0,State: IDLE
2025-12-09 16:25:50.166286,2025-12-09T16:25:50.166286,STARK_TORNO_PILOTO,N/A,Turno 2,0,0,0,0,State: RUN
2025-12-09 16:25:43.052333,2025-12-09T16:25:43.052333,STARK_TORNO_PILOTO,N/A,Turno 2,0,0,0,0,State: IDLE
2025-12-09 16:25:41.405351,2025-12-09T16:25:41.405351,STARK_TORNO_PILOTO,Unknown,Turno 2,1.05,1,0,0,Cycle Complete
2025-12-09 16:25:00.501781,2025-12-09T16:25:00.501781,STARK_TORNO_PILOTO,N/A,Turno 2,0,0,0,0,State: RUN
2025-12-09 16:24:39.341284,2025-12-09T16:24:39.341284,STARK_TORNO_PILOTO,N/A,Turno 2,0,0,0,0,State: IDLE
2025-12-09 16:24:38.513733,2025-12-09T16:24:38.513733,STARK_TORNO_PILOTO,Unknown,Turno 2,0.44,1,0,0,Cycle Complete
2025-12-09 16:24:11.956631,2025-12-09T16:24:11.956631,STARK_TORNO_PILOTO,Unknown,Turno 2,0.04,1,0,0,Cycle Complete
2025-12-09 16:24:11.518967,2025-12-09T16:24:11.518967,STARK_TORNO_PILOTO,N/A,Turno 2,0,0,0,0,State: RUN
2025-12-09 16:22:57.829721,2025-12-09T16:22:57.829721,STARK_TORNO_PILOTO,Unknown,Turno 2,0.84,1,0,0,Cycle Complete
2025-12-09 16:22:57.629391,2025-12-09T16:22:57.629391,STARK_TORNO_PILOTO,N/A,Turno 2,0,0,0,0,State: IDLE
2025-12-09 16:22:16.197752,2025-12-09T16:22:16.197752,STARK_TORNO_PILOTO,N/A,Turno 2,0,0,0,0,State: RUN
2025-12-09 16:22:07.333304,2025-12-09T16:22:07.333304,STARK_TORNO_PILOTO,Unknown,Turno 2,0.31,1,0,0,Cycle Complete
2025-12-09 16:22:07.125188,2025-12-09T16:22:07.125188,STARK_TORNO_PILOTO,N/A,Turno 2,0,0,0,0,State: IDLE
2025-12-09 16:21:48.927578,2025-12-09T16:21:48.927578,STARK_TORNO_PILOTO,Unknown,Turno 2,0.05,1,0,0,Cycle Complete
2025-12-09 16:21:48.440133,2025-12-09T16:21:48.440133,STARK_TORNO_PILOTO,N/A,Turno 2,0,0,0,0,State: RUN
2025-12-09 16:19:32.556610,2025-12-09T16:19:32.556610,STARK_TORNO_PILOTO,Unknown,Turno 2,0.89,1,0,0,Cycle Complete
2025-12-09 16:19:32.373639,2025-12-09T16:19:32.373639,STARK_TORNO_PILOTO,N/A,Turno 2,0,0,0,0,State: IDLE
